{
    "epoch_loss": {
        "type": "index_value",
        "index": [
            1,
            2,
            3,
            4,
            5,
            6,
            7,
            8,
            9,
            10,
            11,
            12,
            13,
            14,
            15,
            16,
            17,
            18,
            19,
            20,
            21,
            22,
            23,
            24,
            25,
            26,
            27,
            28,
            29,
            30,
            31,
            32,
            33,
            34,
            35,
            36,
            37,
            38,
            39,
            40,
            41,
            42,
            43,
            44,
            45,
            46,
            47,
            48,
            49,
            50,
            51,
            52,
            53,
            54,
            55,
            56,
            57,
            58,
            59,
            60,
            61,
            62,
            63,
            64,
            65,
            66,
            67,
            68,
            69,
            70,
            71,
            72,
            73,
            74,
            75,
            76,
            77,
            78,
            79,
            80,
            81,
            82,
            83,
            84,
            85,
            86,
            87,
            88,
            89,
            90,
            91,
            92,
            93,
            94,
            95,
            96,
            97,
            98,
            99,
            100
        ],
        "value": [
            3.0084626590106502,
            2.935426338344601,
            2.8439056856412415,
            2.730492152220814,
            2.5558321256164116,
            2.3577008450284915,
            2.16677403280921,
            2.0298730811328753,
            1.930122548806752,
            1.9096858585979921,
            1.8662961941238836,
            1.7854014356085595,
            1.7121186645318431,
            1.668652687512391,
            1.6094920406950282,
            1.5730838657270931,
            1.5415742803127208,
            1.477231852551724,
            1.4804784465343395,
            1.2929971175836332,
            1.189846301755161,
            1.233555202788495,
            1.2288921386637586,
            1.0336455757736314,
            1.0098363921997395,
            1.0326891761299566,
            0.935005562525269,
            0.8875347654870216,
            0.7730960051218668,
            0.7717216179725972,
            0.7479351146001343,
            0.7380083558407236,
            0.6358923244138136,
            0.6990459616302599,
            0.5698580746109604,
            0.5187497003704098,
            0.5112574939609419,
            0.4757727686817764,
            0.48949030358740625,
            0.48944211048437347,
            0.4262357026549941,
            0.4110055827925391,
            0.37434794188391235,
            0.31201532081509314,
            0.3558006781212827,
            0.6374047626840308,
            0.3771452225269155,
            0.4006815514665969,
            0.48138253570448425,
            0.4329066583028076,
            0.37905368208885193,
            0.2978982946551438,
            0.3166372410371794,
            0.2648662495697644,
            0.22221019948627932,
            0.19338230513934548,
            0.20195454549282155,
            0.17587324385101913,
            0.13371613072165361,
            0.1629334066776519,
            0.11136679076556619,
            0.11807570157321633,
            0.09858505522951166,
            0.10933709926639043,
            0.14560338865357933,
            0.08315092314642372,
            0.09825044009068333,
            0.07421581288601489,
            0.1145953210533088,
            0.09681847807786144,
            0.10569581328660038,
            0.11115408197362373,
            0.07392692402110877,
            0.053152178249037854,
            0.06504164884487788,
            0.059368562772341656,
            0.045026295706101345,
            0.041229687657550716,
            0.03744667041914683,
            0.05540131486899464,
            0.033702768979871525,
            0.08562947900846918,
            0.09267718297369937,
            0.05286180143449323,
            0.07595335406825897,
            0.0381066159259343,
            0.04721771495033663,
            0.037046286627544577,
            0.044152437319569554,
            0.03359156446069056,
            0.048089844802169934,
            0.046513874744269865,
            0.02677857756931731,
            0.035049464210128105,
            0.03353355583199795,
            0.0318090372738686,
            0.031541732397485284,
            0.07168188585457227,
            0.03906577532278731,
            0.21408420737753522
        ]
    },
    "train_oa": {
        "type": "index_value",
        "index": [
            10,
            20,
            30,
            40,
            50,
            60,
            70,
            80,
            90,
            100
        ],
        "value": [
            20.06401059485708,
            35.54795276459552,
            40.01765809513299,
            51.91479969098334,
            36.441893830703016,
            56.56108597285068,
            57.20119192142148,
            59.75057940624655,
            61.47224368171283,
            58.900783577971524
        ]
    },
    "train_aa": {
        "type": "index_value",
        "index": [
            10,
            20,
            30,
            40,
            50,
            60,
            70,
            80,
            90,
            100
        ],
        "value": [
            23.635655103224217,
            34.14179614707606,
            39.91353557559169,
            47.541001830214675,
            48.261742167452496,
            50.08640961798907,
            50.35022358453871,
            50.81703815098392,
            52.34802760832733,
            54.5392230073591
        ]
    },
    "train_kappa": {
        "type": "index_value",
        "index": [
            10,
            20,
            30,
            40,
            50,
            60,
            70,
            80,
            90,
            100
        ],
        "value": [
            15.390601786145064,
            28.830081514310823,
            33.195243725578,
            46.18189621230684,
            28.709368674951495,
            50.65527758192583,
            50.317254456706785,
            54.330676004516754,
            55.8838906050449,
            53.283908078440234
        ]
    },
    "eval": {
        "classification": "              precision    recall  f1-score   support\n\n           0     0.0000    0.0000    0.0000         0\n           1     0.0921    0.9722    0.1683        36\n           2     0.4807    0.4568    0.4684      1388\n           3     0.5568    0.1667    0.2565       588\n           4     0.4570    0.5642    0.5050       179\n           5     0.9192    0.2493    0.3922       365\n           6     0.6466    0.7167    0.6798       720\n           7     0.1379    0.8889    0.2388        18\n           8     0.9725    0.9262    0.9488       420\n           9     0.1754    1.0000    0.2985        10\n          10     0.4060    0.7064    0.5156       865\n          11     0.7471    0.5657    0.6438      2277\n          12     0.3304    0.3619    0.3454       514\n          13     0.6429    0.9231    0.7579       195\n          14     0.8541    0.8717    0.8628      1216\n          15     0.5882    0.2139    0.3137       187\n\n   micro avg     0.5873    0.5853    0.5863      8978\n   macro avg     0.5004    0.5990    0.4622      8978\nweighted avg     0.6449    0.5853    0.5882      8978\n",
        "oa": 58.900783577971524,