{
    "epoch_loss": {
        "type": "index_value",
        "index": [
            1,
            2,
            3,
            4,
            5,
            6,
            7,
            8,
            9,
            10,
            11,
            12,
            13,
            14,
            15,
            16,
            17,
            18,
            19,
            20,
            21,
            22,
            23,
            24,
            25,
            26,
            27,
            28,
            29,
            30,
            31,
            32,
            33,
            34,
            35,
            36,
            37,
            38,
            39,
            40,
            41,
            42,
            43,
            44,
            45,
            46,
            47,
            48,
            49,
            50,
            51,
            52,
            53,
            54,
            55,
            56,
            57,
            58,
            59,
            60,
            61,
            62,
            63,
            64,
            65,
            66,
            67,
            68,
            69,
            70,
            71,
            72,
            73,
            74,
            75,
            76,
            77,
            78,
            79,
            80,
            81,
            82,
            83,
            84,
            85,
            86,
            87,
            88,
            89,
            90,
            91,
            92,
            93,
            94,
            95,
            96,
            97,
            98,
            99,
            100
        ],
        "value": [
            3.058150146024447,
            2.864595890045166,
            2.7638007968875535,
            2.6693157676263906,
            2.50083956312626,
            2.349815272270365,
            2.2075407978490733,
            2.0702307334182954,
            1.976910208979397,
            1.8993972954175151,
            1.8625415301492028,
            1.796350211961895,
            1.7320097659496552,
            1.6434834079539522,
            1.5474188750517284,
            1.481825370315119,
            1.3899397824672943,
            1.2685862204707261,
            1.2057317410800474,
            1.1235841622589329,
            1.0591210837059832,
            0.9725325010347028,
            0.9029263055070917,
            0.8686795758862867,
            0.9795306253095045,
            0.8268676704548775,
            0.8026596223208922,
            0.7690028856832085,
            0.781080202853426,
            0.8115044840684174,
            0.8556865246583384,
            0.7544362430876874,
            0.7736102942879318,
            0.6129443438340586,
            0.6457194411162789,
            0.5652852472684062,
            0.6087642466345577,
            0.4721283587158149,
            0.4930249266590632,
            0.4314726381859881,
            0.40406003446443706,
            0.408227709168238,
            0.3620900558241716,
            0.40957743394459395,
            0.361761840522712,
            0.27722154177249747,
            0.30928742843316803,
            0.2905633493940881,
            0.2631327485573207,
            0.3129358629808358,
            0.3227247548230151,
            0.26176864310359277,
            0.2768216105640357,
            0.2630371406991431,
            0.22145366267109592,
            0.2195147290720162,
            0.26750042891882836,
            0.2626581481585266,
            0.2022110697225476,
            0.1523109159782423,
            0.21405029370852396,
            0.17672956512963517,
            0.16584108019551486,
            0.18009471512855368,
            0.14358634253342947,
            0.12937929005698956,
            0.17824469770945556,
            0.10475482659559723,
            0.17114923714745975,
            0.1105252872650505,
            0.09604032464483951,
            0.13413733095987468,
            0.08826575259156261,
            0.09673964771184515,
            0.15396493969234168,
            0.19082291086092062,
            0.30098459790361687,
            0.20863223857913457,
            0.1401071954280772,
            0.24912276145414258,
            0.20449502882382548,
            0.19688965390760002,
            0.3374319670470894,
            0.25375816226005554,
            0.19147034084543268,
            0.1474041666122193,
            0.13894929736852646,
            0.13498137669360383,
            0.13510232714685141,
            0.11950770353383207,
            0.08124336325530465,
            0.07159645765597093,
            0.0693800095336657,
            0.07500730808956403,
            0.06392978786999452,
            0.06654425287711704,
            0.061874198099822864,
            0.06751553391945278,
            0.05392837661800655,
            0.06666107573513444
        ]
    },
    "train_oa": {
        "type": "index_value",
        "index": [
            10,
            20,
            30,
            40,
            50,
            60,
            70,
            80,
            90,
            100
        ],
        "value": [
            24.787551042931245,
            33.627634918883125,
            48.70323363867123,
            57.97373358348968,
            42.41253724754442,
            59.6512526211235,
            61.47224368171283,
            57.146010374130896,
            52.179671117978145,
            59.143582386050106
        ]
    },
    "train_aa": {
        "type": "index_value",
        "index": [
            10,
            20,
            30,
            40,
            50,
            60,
            70,
            80,
            90,
            100
        ],
        "value": [
            24.154641902784753,
            37.0697740518696,
            45.70483123734864,
            48.286716540418,
            46.876946049445856,
            55.93198447285206,
            52.87291376271159,
            53.54248167203202,
            47.644423537834626,
            54.38630615726423
        ]
    },
    "train_kappa": {
        "type": "index_value",
        "index": [
            10,
            20,
            30,
            40,
            50,
            60,
            70,
            80,
            90,
            100
        ],
        "value": [
            18.799927850461994,
            29.07662669348017,
            41.68183303103997,
            52.12861943650899,
            36.86175438097942,
            53.40408935427921,
            55.72161050517056,
            51.45680443827596,
            46.476131429612344,
            53.4417175666939
        ]
    },
    "eval": {
        "classification": "              precision    recall  f1-score   support\n\n           0     0.0000    0.0000    0.0000         0\n           1     0.0972    0.9722    0.1768        36\n           2     0.5185    0.4647    0.4901      1388\n           3     0.3197    0.2398    0.2741       588\n           4     0.8636    0.5307    0.6574       179\n           5     0.4447    0.5068    0.4738       365\n           6     0.8667    0.4333    0.5778       720\n           7     0.2812    1.0000    0.4390        18\n           8     0.9549    0.9071    0.9304       420\n           9     0.0978    0.9000    0.1765        10\n          10     0.4874    0.7145    0.5795       865\n          11     0.7086    0.6184    0.6604      2277\n          12     0.2708    0.3482    0.3047       514\n          13     0.7149    0.8615    0.7814       195\n          14     0.8677    0.8306    0.8487      1216\n          15     0.6607    0.3957    0.4950       187\n\n   micro avg     0.5922    0.5879    0.5900      8978\n   macro avg     0.5097    0.6077    0.4916      8978\nweighted avg     0.6406    0.5879    0.6007      8978\n",
        "oa": 59.143582386050106,