{
    "epoch_loss": {
        "type": "index_value",
        "index": [
            1,
            2,
            3,
            4,
            5,
            6,
            7,
            8,
            9,
            10,
            11,
            12,
            13,
            14,
            15,
            16,
            17,
            18,
            19,
            20,
            21,
            22,
            23,
            24,
            25,
            26,
            27,
            28,
            29,
            30,
            31,
            32,
            33,
            34,
            35,
            36,
            37,
            38,
            39,
            40,
            41,
            42,
            43,
            44,
            45,
            46,
            47,
            48,
            49,
            50,
            51,
            52,
            53,
            54,
            55,
            56,
            57,
            58,
            59,
            60,
            61,
            62,
            63,
            64,
            65,
            66,
            67,
            68,
            69,
            70,
            71,
            72,
            73,
            74,
            75,
            76,
            77,
            78,
            79,
            80,
            81,
            82,
            83,
            84,
            85,
            86,
            87,
            88,
            89,
            90,
            91,
            92,
            93,
            94,
            95,
            96,
            97,
            98,
            99,
            100
        ],
        "value": [
            2.2598204612731934,
            1.921122670173645,
            1.747107744216919,
            1.4851856231689453,
            1.1657366752624512,
            1.0261256694793701,
            0.9457060098648071,
            0.8399291038513184,
            0.7618350386619568,
            0.7139276266098022,
            0.6506302952766418,
            0.5472659468650818,
            0.5131138563156128,
            0.443647563457489,
            0.37166211009025574,
            0.3406054377555847,
            0.2704660892486572,
            0.2631063461303711,
            0.24062605202198029,
            0.20512300729751587,
            0.1761460304260254,
            0.13823583722114563,
            0.1343938410282135,
            0.12096451967954636,
            0.09827218949794769,
            0.0986596941947937,
            0.09587649255990982,
            0.07157495617866516,
            0.074643574655056,
            0.0704655647277832,
            0.0693238154053688,
            0.06502782553434372,
            0.05008062720298767,
            0.039780113846063614,
            0.04441564902663231,
            0.046944741159677505,
            0.033783670514822006,
            0.04767027497291565,
            0.03177275508642197,
            0.027983643114566803,
            0.024259233847260475,
            0.02738969586789608,
            0.01999138481914997,
            0.015904782339930534,
            0.012531289830803871,
            0.021108034998178482,
            0.018368393182754517,
            0.014592227526009083,
            0.01470867544412613,
            0.023865563794970512,
            0.0692342147231102,
            0.012086848728358746,
            0.06640411168336868,
            0.10195187479257584,
            0.05160227045416832,
            0.2175399214029312,
            0.016589945182204247,
            0.2105671912431717,
            0.1190146878361702,
            0.05018208920955658,
            0.07080073654651642,
            0.09240428358316422,
            0.08192609995603561,
            0.06278473138809204,
            0.03123527392745018,
            0.030847297981381416,
            0.04671747237443924,
            0.050173498690128326,
            0.052512701600790024,
            0.03458292409777641,
            0.03653375059366226,
            0.03080740012228489,
            0.02599703148007393,
            0.029338834807276726,
            0.02926510199904442,
            0.019099021330475807,
            0.02352992817759514,
            0.014688091352581978,
            0.017285512760281563,
            0.023099640384316444,
            0.013810640200972557,
            0.016585204750299454,
            0.013808046467602253,
            0.014482003636658192,
            0.010394273325800896,
            0.009335294365882874,
            0.0076089887879788876,
            0.007258365862071514,
            0.008633509278297424,
            0.0075986324809491634,
            0.005076560657471418,
            0.005206516943871975,
            0.0059256344102323055,
            0.006794470828026533,
            0.004400314763188362,
            0.004256304353475571,
            0.00495794415473938,
            0.003930625040084124,
            0.004045164678245783,
            0.005651805084198713
        ]
    },
    "train_oa": {
        "type": "index_value",
        "index": [
            10,
            20,
            30,
            40,
            50,
            60,
            70,
            80,
            90,
            100
        ],
        "value": [
            69.17371801406871,
            76.32276480782954,
            73.22357019064125,
            78.0074421449689,
            75.97359567743909,
            61.550616780507696,
            72.37995718217964,
            73.30512794372514,
            76.39667652156183,
            75.20134570292588
        ]
    },
    "train_aa": {
        "type": "index_value",
        "index": [
            10,
            20,
            30,
            40,
            50,
            60,
            70,
            80,
            90,
            100
        ],
        "value": [
            70.16021118434216,
            74.15121667754853,
            75.2490419198369,
            76.3469442216546,
            76.55767516289188,
            72.69212245371828,
            74.43482282800703,
            74.54265122094748,
            73.99560215284467,
            73.89194906625582
        ]
    },
    "train_kappa": {
        "type": "index_value",
        "index": [
            10,
            20,
            30,
            40,
            50,
            60,
            70,
            80,
            90,
            100
        ],
        "value": [
            60.909110424006684,
            69.54390273432092,
            66.6793566332676,
            71.7336196648471,
            68.28024323838433,
            54.07055734199364,
            65.12566778880158,
            65.85423349100856,
            69.74811248813285,
            68.25197471572841
        ]
    },
    "eval": {
        "classification": "              precision    recall  f1-score   support\n\n           0     0.0000    0.0000    0.0000         0\n           1     0.9397    0.4885    0.6428      6160\n           2     0.8627    0.8688    0.8658     16045\n           3     0.5442    0.5090    0.5260      1839\n           4     0.9452    0.9660    0.9555      2909\n           5     0.9816    0.9985    0.9900      1335\n           6     0.5600    0.5569    0.5584      5019\n           7     0.2855    0.9114    0.4348      1320\n           8     0.7404    0.6953    0.7171      3672\n\n   micro avg     0.7508    0.7462    0.7485     38299\n   macro avg     0.6510    0.6660    0.6323     38299\nweighted avg     0.7989    0.7462    0.7554     38299\n",
        "oa": 75.20134570292588,