{
    "epoch_loss": {
        "type": "index_value",
        "index": [
            1,
            2,
            3,
            4,
            5,
            6,
            7,
            8,
            9,
            10,
            11,
            12,
            13,
            14,
            15,
            16,
            17,
            18,
            19,
            20,
            21,
            22,
            23,
            24,
            25,
            26,
            27,
            28,
            29,
            30,
            31,
            32,
            33,
            34,
            35,
            36,
            37,
            38,
            39,
            40,
            41,
            42,
            43,
            44,
            45,
            46,
            47,
            48,
            49,
            50,
            51,
            52,
            53,
            54,
            55,
            56,
            57,
            58,
            59,
            60,
            61,
            62,
            63,
            64,
            65,
            66,
            67,
            68,
            69,
            70,
            71,
            72,
            73,
            74,
            75,
            76,
            77,
            78,
            79,
            80,
            81,
            82,
            83,
            84,
            85,
            86,
            87,
            88,
            89,
            90,
            91,
            92,
            93,
            94,
            95,
            96,
            97,
            98,
            99,
            100
        ],
        "value": [
            2.3027846813201904,
            1.957500696182251,
            1.6546878814697266,
            1.319089412689209,
            1.0027692317962646,
            0.8459999561309814,
            0.752131998538971,
            0.6221128702163696,
            0.5135062336921692,
            0.4306144416332245,
            0.3597632050514221,
            0.2760658860206604,
            0.25616174936294556,
            0.17596741020679474,
            0.13293789327144623,
            0.12004920095205307,
            0.10846509784460068,
            0.07650060206651688,
            0.06812595576047897,
            0.06510007381439209,
            0.04922958463430405,
            0.047898802906274796,
            0.04075731337070465,
            0.03327218443155289,
            0.02946513146162033,
            0.01991833932697773,
            0.017254745587706566,
            0.028051001951098442,
            0.06283891946077347,
            0.0480310432612896,
            0.15948165953159332,
            0.011325636878609657,
            0.08007442206144333,
            0.03543519601225853,
            0.014419814571738243,
            0.051314402371644974,
            0.036109745502471924,
            0.012958795763552189,
            0.00786994956433773,
            0.02774903178215027,
            0.01522314827889204,
            0.014443130232393742,
            0.0069634318351745605,
            0.006874001119285822,
            0.006781032774597406,
            0.006885771173983812,
            0.0083280298858881,
            0.005866524763405323,
            0.005095534026622772,
            0.005138053093105555,
            0.007602667436003685,
            0.00392540730535984,
            0.0045729735866189,
            0.0038189811166375875,
            0.0038213098887354136,
            0.004603513982146978,
            0.003922609146684408,
            0.0037749800831079483,
            0.003586452454328537,
            0.0030768499709665775,
            0.0038261429872363806,
            0.0029078132938593626,
            0.003036702750250697,
            0.00317836320027709,
            0.0028000427410006523,
            0.0027864212170243263,
            0.002720859367400408,
            0.0024723359383642673,
            0.002592268865555525,
            0.002220600377768278,
            0.002276063896715641,
            0.0028020802419632673,
            0.002271390287205577,
            0.012348918244242668,
            0.002175526460632682,
            0.002529270714148879,
            0.003093502949923277,
            0.0036457718815654516,
            0.003302569268271327,
            0.0024985698983073235,
            0.0026601178105920553,
            0.0020871988963335752,
            0.0021919182036072016,
            0.0020047402940690517,
            0.002137442585080862,
            0.0019186660647392273,
            0.00206115678884089,
            0.002118025440722704,
            0.0018804322462528944,
            0.00185519945807755,
            0.0018623211653903127,
            0.001624750206246972,
            0.0016353700775653124,
            0.0016824568156152964,
            0.0016385220224037766,
            0.001631364575587213,
            0.0015656095929443836,
            0.0017698314040899277,
            0.0015291599556803703,
            0.0016011252300813794
        ]
    },
    "train_oa": {
        "type": "index_value",
        "index": [
            10,
            20,
            30,
            40,
            50,
            60,
            70,
            80,
            90,
            100
        ],
        "value": [
            65.3481496584769,
            72.04608013049241,
            48.74350086655112,
            74.99490264043226,
            70.80742175553063,
            77.0363951473137,
            74.96431848302579,
            74.78845957793862,
            74.83943317361607,
            74.91079620756447
        ]
    },
    "train_aa": {
        "type": "index_value",
        "index": [
            10,
            20,
            30,
            40,
            50,
            60,
            70,
            80,
            90,
            100
        ],
        "value": [
            70.66124391767855,
            71.58032413601796,
            66.8352318846621,
            72.0163262806742,
            71.1837140434054,
            72.6773355993483,
            70.83940493637638,
            71.65508488018403,
            71.9322311968734,
            72.18007229282505
        ]
    },
    "train_kappa": {
        "type": "index_value",
        "index": [
            10,
            20,
            30,
            40,
            50,
            60,
            70,
            80,
            90,
            100
        ],
        "value": [
            57.33528818558493,
            64.55330755881924,
            41.52958822992544,
            67.06875964292212,
            63.317929046167855,
            69.95309246284586,
            67.45486817290625,
            66.82163614328951,
            67.43207319553368,
            67.50344083834644
        ]
    },
    "eval": {
        "classification": "              precision    recall  f1-score   support\n\n           0     0.0000    0.0000    0.0000         0\n           1     0.9642    0.4281    0.5929      6160\n           2     0.8491    0.9297    0.8875     16045\n           3     0.4136    0.4948    0.4506      1839\n           4     0.9482    0.9062    0.9267      2909\n           5     0.9400    0.9978    0.9680      1335\n           6     0.6502    0.5089    0.5709      5019\n           7     0.2911    0.9106    0.4412      1320\n           8     0.7097    0.6206    0.6622      3672\n\n   micro avg     0.7497    0.7433    0.7465     38299\n   macro avg     0.6407    0.6441    0.6111     38299\nweighted avg     0.7987    0.7433    0.7465     38299\n",
        "oa": 74.91079620756447,